{
  "best_model": "random_forest",
  "metrics": {
    "logistic_regression": {
      "accuracy": 0.8021978021978022,
      "precision": 0.803921568627451,
      "recall": 0.8367346938775511,
      "f1": 0.82,
      "roc_auc": 0.8571428571428572,
      "confusion_matrix": [
        [
          32,
          10
        ],
        [
          8,
          41
        ]
      ]
    },
    "random_forest": {
      "accuracy": 0.7692307692307693,
      "precision": 0.8043478260869565,
      "recall": 0.7551020408163265,
      "f1": 0.7789473684210526,
      "roc_auc": 0.8607871720116618,
      "confusion_matrix": [
        [
          33,
          9
        ],
        [
          12,
          37
        ]
      ]
    },
    "dnn": {
      "accuracy": 0.7692307692307693,
      "precision": 0.78,
      "recall": 0.7959183673469388,
      "f1": 0.7878787878787878,
      "roc_auc": 0.8571428571428572,
      "confusion_matrix": [
        [
          31,
          11
        ],
        [
          10,
          39
        ]
      ]
    }
  },
  "target": "target",
  "feature_columns": [
    "age",
    "sex",
    "cp",
    "trestbps",
    "chol",
    "fbs",
    "restecg",
    "thalach",
    "exang",
    "oldpeak",
    "slope",
    "ca",
    "thal"
  ],
  "train_samples": 211,
  "test_samples": 91,
  "preprocessor_path": "artifacts/preprocessor.pkl",
  "roc_curve_path": "artifacts/roc_curve.png",
  "confusion_matrix_path": "artifacts/confusion_matrix.png",
  "metrics_path": "artifacts/metrics.json",
  "best_model_path": "models/best_model.pkl"
}