{
  "best_model": "dnn",
  "metrics": {
    "logistic_regression": {
      "accuracy": 0.8021978021978022,
      "precision": 0.803921568627451,
      "recall": 0.8367346938775511,
      "f1": 0.82,
      "roc_auc": 0.8571428571428572,
      "confusion_matrix": [
        [
          32,
          10
        ],
        [
          8,
          41
        ]
      ]
    },
    "random_forest": {
      "accuracy": 0.7692307692307693,
      "precision": 0.8043478260869565,
      "recall": 0.7551020408163265,
      "f1": 0.7789473684210526,
      "roc_auc": 0.8607871720116618,
      "confusion_matrix": [
        [
          33,
          9
        ],
        [
          12,
          37
        ]
      ]
    },
    "dnn": {
      "accuracy": 0.7802197802197802,
      "precision": 0.7843137254901961,
      "recall": 0.8163265306122449,
      "f1": 0.8,
      "roc_auc": 0.8639455782312926,
      "confusion_matrix": [
        [
          31,
          11
        ],
        [
          9,
          40
        ]
      ]
    }
  },
  "target": "target",
  "feature_columns": [
    "age",
    "sex",
    "cp",
    "trestbps",
    "chol",
    "fbs",
    "restecg",
    "thalach",
    "exang",
    "oldpeak",
    "slope",
    "ca",
    "thal"
  ],
  "train_samples": 211,
  "test_samples": 91,
  "preprocessor_path": "artifacts\\preprocessor.pkl",
  "roc_curve_path": "artifacts\\roc_curve.png",
  "confusion_matrix_path": "artifacts\\confusion_matrix.png",
  "metrics_path": "artifacts\\metrics.json",
  "dnn_config": {
    "hidden_sizes": [
      64,
      32
    ],
    "dropout": 0.2,
    "epochs": 30,
    "batch_size": 64,
    "lr": 0.001,
    "input_dim": 12
  },
  "training_history": {
    "loss": [
      0.677114521722658,
      0.658143118094494,
      0.6436933445704491,
      0.6301348596387565,
      0.6102435461717759,
      0.5897614794884812,
      0.5670071080397655,
      0.5439551027747692,
      0.531103816360094,
      0.5011841736698602,
      0.48010100134741074,
      0.4496413849258875,
      0.42793845254663043,
      0.41507870622720766,
      0.39302784345726266,
      0.3825793730986627,
      0.376875335430082,
      0.3592249889509373,
      0.34093223434488923,
      0.32856023297490666,
      0.33259189891589197,
      0.32538489686651817,
      0.3021327614501754,
      0.3149734500318907,
      0.2764353633491914,
      0.29926661532637067,
      0.2748358760964814,
      0.2906009289325696,
      0.2685626605393197,
      0.2720672171474633
    ]
  },
  "best_model_path": "models\\best_model.pt"
}