{
  "model": "random_forest",
  "metrics": {
    "accuracy": 0.7692307692307693,
    "precision": 0.8043478260869565,
    "recall": 0.7551020408163265,
    "f1": 0.7789473684210526,
    "roc_auc": 0.8607871720116618,
    "confusion_matrix": [
      [
        33,
        9
      ],
      [
        12,
        37
      ]
    ]
  }
}