{
  "model": "dnn",
  "metrics": {
    "accuracy": 0.7802197802197802,
    "precision": 0.7843137254901961,
    "recall": 0.8163265306122449,
    "f1": 0.8,
    "roc_auc": 0.8639455782312926,
    "confusion_matrix": [
      [
        31,
        11
      ],
      [
        9,
        40
      ]
    ]
  }
}