{
  "models": {
    "logistic_regression": {
      "accuracy": 0.8021978021978022,
      "precision": 0.803921568627451,
      "recall": 0.8367346938775511,
      "f1": 0.82,
      "roc_auc": 0.8571428571428572,
      "confusion_matrix": [
        [
          32,
          10
        ],
        [
          8,
          41
        ]
      ]
    },
    "random_forest": {
      "accuracy": 0.7692307692307693,
      "precision": 0.8043478260869565,
      "recall": 0.7551020408163265,
      "f1": 0.7789473684210526,
      "roc_auc": 0.8607871720116618,
      "confusion_matrix": [
        [
          33,
          9
        ],
        [
          12,
          37
        ]
      ]
    },
    "dnn": {
      "accuracy": 0.7802197802197802,
      "precision": 0.7843137254901961,
      "recall": 0.8163265306122449,
      "f1": 0.8,
      "roc_auc": 0.8639455782312926,
      "confusion_matrix": [
        [
          31,
          11
        ],
        [
          9,
          40
        ]
      ]
    }
  },
  "best_model": "dnn"
}