nodes,cleveland,kaggle
50,42.63259178132088,
100,55.62712584323748,
150,67.82037161647452,
200,80.25827041135187,
250,99.29257267608591,
