ml_precision_pct_instances,ml_precision_pct_cleveland,ml_precision_pct_kaggle,ml_recall_pct_instances,ml_recall_pct_cleveland,ml_recall_pct_kaggle,ml_f1_pct_instances,ml_f1_pct_cleveland,ml_f1_pct_kaggle,ml_accuracy_pct_instances,ml_accuracy_pct_cleveland,ml_accuracy_pct_kaggle
10,54.34286799916508,54.90095161133328,10,99.0,100.36617614577493,10,70.49671415301123,71.59782916475443,10,54.34286799916508,55.550940576961125
20,56.40019723729035,56.92078173158615,20,99.0,100.46990985216199,20,73.36173569882881,74.69417833962923,20,56.40019723729035,57.11253634796863
30,59.87845776886992,60.56028273607702,30,99.0,99.68340450985343,30,77.6476885381007,78.45193078106023,30,59.87845776886992,60.90321420050216
40,63.446106779484936,64.37805179812705,40,99.0,99.79122914019804,40,82.02302985640802,83.13488275113039,40,63.446106779484936,64.08560064013697
50,64.38123124066128,65.17337588919649,50,99.0,99.86636184329369,50,83.76584662527667,84.7219166094937,50,64.38123124066128,65.66640720205429
